Actual RUL,Predicted RUL
97,0.06309612
85,0.10236615
